"user1","user1","user1","1","","","","","","ja","","1","","Asia/Tokyo","","","","","","","","","","",""
"user2","user2","user2","1","","","","","","ja","","1","","Asia/Tokyo","","","","","","","","","","",""
"user3","user3","user3","1","","","","","","ja","","1","","Asia/Tokyo","","","","","","","","","","",""
"user4","user4","user4","1","","","","","","ja","","1","","Asia/Tokyo","","","","","","","","","","",""
"user5","user5","user5","1","","","","","","ja","","1","","Asia/Tokyo","","","","","","","","","","",""
"user6","user6","user6","1","","","","","","ja","","1","","Asia/Tokyo","","","","","","","","","","",""
"user7","user7","user7","1","","","","","","ja","","1","","Asia/Tokyo","","","","","","","","","","",""
"user8","user8","user8","1","","","","","","ja","","1","","Asia/Tokyo","","","","","","","","","","",""
"user9","user9","user9","1","","","","","","ja","","1","","Asia/Tokyo","","","","","","","","","","",""
"user10","user10","user10","1","","","","","","ja","","1","","Asia/Tokyo","","","","","","","","","","",""
"user11","user11","user11","1","","","","","","ja","","1","","Asia/Tokyo","","","","","","","","","","",""
"user12","user12","user12","1","","","","","","ja","","1","","Asia/Tokyo","","","","","","","","","","",""
"user13","user13","user13","1","","","","","","ja","","1","","Asia/Tokyo","","","","","","","","","","",""
"user14","user14","user14","1","","","","","","ja","","1","","Asia/Tokyo","","","","","","","","","","",""
"user15","user15","user15","1","","","","","","ja","","1","","Asia/Tokyo","","","","","","","","","","",""
"user16","user16","user16","1","","","","","","ja","","1","","Asia/Tokyo","","","","","","","","","","",""
"user17","user17","user17","1","","","","","","ja","","1","","Asia/Tokyo","","","","","","","","","","",""
"user18","user18","user18","1","","","","","","ja","","1","","Asia/Tokyo","","","","","","","","","","",""
"user19","user19","user19","1","","","","","","ja","","1","","Asia/Tokyo","","","","","","","","","","",""
"user20","user20","user20","1","","","","","","ja","","1","","Asia/Tokyo","","","","","","","","","","",""
"user21","user21","user21","1","","","","","","ja","","1","","Asia/Tokyo","","","","","","","","","","",""
"user22","user22","user22","1","","","","","","ja","","1","","Asia/Tokyo","","","","","","","","","","",""
"user23","user23","user23","1","","","","","","ja","","1","","Asia/Tokyo","","","","","","","","","","",""
"user24","user24","user24","1","","","","","","ja","","1","","Asia/Tokyo","","","","","","","","","","",""
"user25","user25","user25","1","","","","","","ja","","1","","Asia/Tokyo","","","","","","","","","","",""
"user26","user26","user26","1","","","","","","ja","","1","","Asia/Tokyo","","","","","","","","","","",""
"user27","user27","user27","1","","","","","","ja","","1","","Asia/Tokyo","","","","","","","","","","",""
"user28","user28","user28","1","","","","","","ja","","1","","Asia/Tokyo","","","","","","","","","","",""
"user29","user29","user29","1","","","","","","ja","","1","","Asia/Tokyo","","","","","","","","","","",""
"user30","user30","user30","1","","","","","","ja","","1","","Asia/Tokyo","","","","","","","","","","",""
"user31","user31","user31","1","","","","","","ja","","1","","Asia/Tokyo","","","","","","","","","","",""
"user32","user32","user32","1","","","","","","ja","","1","","Asia/Tokyo","","","","","","","","","","",""
"user33","user33","user33","1","","","","","","ja","","1","","Asia/Tokyo","","","","","","","","","","",""
"user34","user34","user34","1","","","","","","ja","","1","","Asia/Tokyo","","","","","","","","","","",""
"user35","user35","user35","1","","","","","","ja","","1","","Asia/Tokyo","","","","","","","","","","",""
"user36","user36","user36","1","","","","","","ja","","1","","Asia/Tokyo","","","","","","","","","","",""
"user37","user37","user37","1","","","","","","ja","","1","","Asia/Tokyo","","","","","","","","","","",""
"user38","user38","user38","1","","","","","","ja","","1","","Asia/Tokyo","","","","","","","","","","",""
"user39","user39","user39","1","","","","","","ja","","1","","Asia/Tokyo","","","","","","","","","","",""
"user40","user40","user40","1","","","","","","ja","","1","","Asia/Tokyo","","","","","","","","","","",""
"user41","user41","user41","1","","","","","","ja","","1","","Asia/Tokyo","","","","","","","","","","",""
"user42","user42","user42","1","","","","","","ja","","1","","Asia/Tokyo","","","","","","","","","","",""
"user43","user43","user43","1","","","","","","ja","","1","","Asia/Tokyo","","","","","","","","","","",""
"user44","user44","user44","1","","","","","","ja","","1","","Asia/Tokyo","","","","","","","","","","",""
"user45","user45","user45","1","","","","","","ja","","1","","Asia/Tokyo","","","","","","","","","","",""
"user46","user46","user46","1","","","","","","ja","","1","","Asia/Tokyo","","","","","","","","","","",""
"user47","user47","user47","1","","","","","","ja","","1","","Asia/Tokyo","","","","","","","","","","",""
"user48","user48","user48","1","","","","","","ja","","1","","Asia/Tokyo","","","","","","","","","","",""
"user49","user49","user49","1","","","","","","ja","","1","","Asia/Tokyo","","","","","","","","","","",""
"user50","user50","user50","1","","","","","","ja","","1","","Asia/Tokyo","","","","","","","","","","",""