"user1","user1","user1","1","","","","1","","","","","","",""
"user2","user2","user2","1","","","","1","","","","","","",""
"user3","user3","user3","1","","","","1","","","","","","",""
"user4","user4","user4","1","","","","1","","","","","","",""
"user5","user5","user5","1","","","","1","","","","","","",""
"user6","user6","user6","1","","","","1","","","","","","",""
"user7","user7","user7","1","","","","1","","","","","","",""
"user8","user8","user8","1","","","","1","","","","","","",""
"user9","user9","user9","1","","","","1","","","","","","",""
"user10","user10","user10","1","","","","1","","","","","","",""
"user11","user11","user11","1","","","","1","","","","","","",""
"user12","user12","user12","1","","","","1","","","","","","",""
"user13","user13","user13","1","","","","1","","","","","","",""
"user14","user14","user14","1","","","","1","","","","","","",""
"user15","user15","user15","1","","","","1","","","","","","",""
"user16","user16","user16","1","","","","1","","","","","","",""
"user17","user17","user17","1","","","","1","","","","","","",""
"user18","user18","user18","1","","","","1","","","","","","",""
"user19","user19","user19","1","","","","1","","","","","","",""
"user20","user20","user20","1","","","","1","","","","","","",""
"user21","user21","user21","1","","","","1","","","","","","",""
"user22","user22","user22","1","","","","1","","","","","","",""
"user23","user23","user23","1","","","","1","","","","","","",""
"user24","user24","user24","1","","","","1","","","","","","",""
"user25","user25","user25","1","","","","1","","","","","","",""
"user26","user26","user26","1","","","","1","","","","","","",""
"user27","user27","user27","1","","","","1","","","","","","",""
"user28","user28","user28","1","","","","1","","","","","","",""
"user29","user29","user29","1","","","","1","","","","","","",""
"user30","user30","user30","1","","","","1","","","","","","",""
"user31","user31","user31","1","","","","1","","","","","","",""
"user32","user32","user32","1","","","","1","","","","","","",""
"user33","user33","user33","1","","","","1","","","","","","",""
"user34","user34","user34","1","","","","1","","","","","","",""
"user35","user35","user35","1","","","","1","","","","","","",""
"user36","user36","user36","1","","","","1","","","","","","",""
"user37","user37","user37","1","","","","1","","","","","","",""
"user38","user38","user38","1","","","","1","","","","","","",""
"user39","user39","user39","1","","","","1","","","","","","",""
"user40","user40","user40","1","","","","1","","","","","","",""
"user41","user41","user41","1","","","","1","","","","","","",""
"user42","user42","user42","1","","","","1","","","","","","",""
"user43","user43","user43","1","","","","1","","","","","","",""
"user44","user44","user44","1","","","","1","","","","","","",""
"user45","user45","user45","1","","","","1","","","","","","",""
"user46","user46","user46","1","","","","1","","","","","","",""
"user47","user47","user47","1","","","","1","","","","","","",""
"user48","user48","user48","1","","","","1","","","","","","",""
"user49","user49","user49","1","","","","1","","","","","","",""
"user50","user50","user50","1","","","","1","","","","","","",""